Headphone Name,Brand,Article/Website,Year,Type,Connectivity,Battery Life (hours),Battery Capacity with Case (mAh),Active Noise Cancellation,Bluetooth Version,Driver Sensitivity (dB),Driver Size (mm),Tag/Comment,Article Rate
jbl endurance peak ii,jbl,choice,2022,in-ear,wireless,24,770,no,5,95,10,should avoid,not good
oneplus buds pro 2,oneplus,techradar,2023,in-ear,wireless,25,520,yes,5.3,48,11,loser,not good
samsung galaxy buds fe,samsung,techradar,2023,in-ear,wireless,26,479,yes,5.2,75,6.5,loser,not good
airpods pro 2nd generation,apple,pcmag,2024,in-ear,wireless,30,523,yes,5.3,85,11,best earphones for iphone,good
edifier stax spirit s3,edifier,techradar,2023,over-ear,both,80,1500,no,5.2,94,80,winner,good
samsung galaxy buds 2 pro,samsung,techradar,2023,in-ear,wireless,30,500,yes,5.3,98,10,winner,good
sony wf-1000xm5,sony,pcmag,2024,in-ear,wireless,24,400,yes,5.3,75,8.4,best earphones for audiophiles,good
sony wh-1000xm5,sony,pcmag,2024,over-ear,both,30,1200,yes,5.2,102,30,best headphones for audiophiles,good
sony wh-ch520,sony,rollingstone,2024,on-ear,wireless,50,1000,no,5.2,108,30,best headphones under $100,good
soundcore space q45,soundcore,rollingstone,2024,over-ear,both,50,750,yes,5.3,117,40,best midrange headphones,good
steelseries arctis nova pro,steelseries,rollingstone,2024,over-ear,both,22,700,yes,5,93,40,best gaming headphones,good
